AT_1,AT_2,FI_1,FI_2,FI_3,R_1,R_2,R_3,E_1,E_2,E_3,E_4,D_1,R_12,C_1,Info,Años,Giro,Puesto,Estado
4,5,3,4,4,4,4,5,3,4,4,4,8,8,4,9,5,Persona física,Persona física,Ciudad de México
4,4,4,2,4,3,3,3,4,3,4,5,7,8,4,10,2,Asociación civil,Coordinador,Durango
4,3,4,4,3,4,3,3,4,3,3,4,8,10,3,10,14,Persona física,Persona física,Guanajuato
5,5,5,5,5,4,5,5,5,5,5,5,10,10,5,8,15,Educación,Coordinador,Guanajuato
3,3,4,4,4,3,2,3,4,4,4,4,7,9,3,7,2,Empresa,Coordinador,Guanajuato
3,4,3,3,4,4,3,4,4,3,4,4,8,9,4,8,3,Educación,Coordinador,Guanajuato
4,4,3,4,5,4,3,3,5,4,3,2,8,8,3,8,3,Educación,Coordinador,Guanajuato
3,2,2,4,3,3,4,3,5,3,2,4,7,9,3,7,18,Educación,Dueño,Coahuila
3,2,3,4,3,4,4,4,3,4,4,3,7,8,4,7,3,Teletón (Grupos internos de la Fundación),Coordinador,Hidalgo
4,3,3,3,4,3,4,4,3,4,4,3,8,8,3,8,8,Educación,Coordinador,Coahuila
4,3,4,4,3,4,5,4,3,4,3,4,7,8,4,8,1,Persona física,Persona física,Estado de México
3,5,4,4,5,4,4,4,3,4,4,4,8,9,4,7,5,Educación,Supervisor,Coahuila
2,4,4,4,3,4,3,4,3,3,3,4,8,8,4,8,2,Empresa,Supervisor,Coahuila
5,4,5,4,4,4,5,4,3,4,4,4,7,9,5,7,4,Educación,Director,Guanajuato
4,3,4,3,3,3,4,4,5,4,3,3,6,8,3,7,2,Empresa,Dueño,Hidalgo
4,4,4,4,3,5,4,3,3,3,3,4,8,9,4,8,4,Empresa,Supervisor,Hidalgo
3,4,3,3,4,2,3,3,4,4,4,3,7,8,3,7,5,Educación,Coordinador,Estado de México
3,3,3,3,2,3,3,2,3,3,4,2,6,9,3,7,2,Persona física,Dueño,Coahuila
2,4,4,3,4,4,3,4,3,3,4,3,6,8,4,7,1,Empresa,Asistente,Guanajuato
2,5,4,5,4,3,4,5,4,4,5,4,9,9,4,9,4,Teletón (Grupos internos de la Fundación),Persona física,Estado de México
3,4,4,3,,3,3,3,4,3,5,3,7,8,3,7,1,Empresa,Coordinador,Ciudad de México
4,2,2,3,3,2,3,4,4,4,4,4,7,8,3,7,5,Educación,Director,Estado de México
4,3,3,3,4,4,3,4,3,4,4,3,7,9,3,7,2,Gubernamental,Persona física,Hidalgo
4,3,4,3,3,4,4,3,4,4,3,4,7,8,4,8,1,Asociación civil,Coordinador,Estado de México
3,4,4,4,4,3,4,5,4,4,4,4,8,8,3,7,7,Persona física,Persona física,Estado de México
2,4,4,3,3,3,3,4,3,3,2,3,7,8,4,7,6,Educación,Director,Estado de México
4,4,4,4,3,3,4,4,4,3,3,4,8,8,4,8,5,Educación,Persona física,Estado de México
3,5,5,4,4,4,5,3,4,4,3,4,8,8,4,5,5,Teletón (Grupos internos de la Fundación),Persona física,Estado de México
2,3,3,3,3,3,4,3,5,4,5,4,7,8,3,7,5,Teletón (Grupos internos de la Fundación),Persona física,Estado de México
3,3,3,3,4,4,3,4,4,4,4,3,7,9,3,8,4,Educación,Director,Estado de México
3,4,4,4,4,2,5,4,4,4,3,3,7,8,3,8,1,Educación,Persona física,Estado de México
4,4,5,3,4,4,5,4,4,3,4,4,8,8,4,8,1,Teletón (Grupos internos de la Fundación),Persona física,Estado de México
5,5,4,4,5,5,4,4,4,4,5,4,9,8,4,9,1,Teletón (Grupos internos de la Fundación),Persona física,Estado de México
4,5,5,4,4,5,4,4,4,3,4,4,8,8,4,9,2,Persona física,Persona física,Estado de México
3,3,3,3,4,4,3,4,4,4,3,3,8,8,3,7,10,Educación,Asistente,Guanajuato
2,3,4,3,3,3,4,3,3,4,4,4,7,8,3,8,1,Teletón (Grupos internos de la Fundación),Persona física,Estado de México
4,2,3,3,2,4,3,3,4,4,3,4,7,9,4,7,2,Educación,Coordinador,Estado de México
4,4,3,3,3,3,4,4,4,5,4,4,7,8,3,8,1,Teletón (Grupos internos de la Fundación),Persona física,Estado de México
5,4,3,3,4,4,4,3,5,4,4,4,7,9,4,8,2,Persona física,Persona física,Estado de México
5,3,4,4,4,3,3,4,4,3,4,4,9,8,4,9,15,Teletón (Grupos internos de la Fundación),Gerente,Guerrero
4,4,4,4,5,4,4,4,4,3,4,4,9,8,4,9,3,Empresa,Supervisor,Ciudad de México
3,4,3,3,4,4,3,4,4,4,4,4,7,8,3,7,1,Persona física,Persona física,Estado de México
3,3,3,3,2,3,3,4,4,5,4,2,6,8,3,7,1,Empresa,Director,Hidalgo
4,3,4,3,3,4,4,3,4,5,5,4,7,9,4,7,8,Persona física,Persona física,Estado de México
4,5,4,5,5,5,4,4,5,5,4,4,9,9,4,9,4,Empresa,Gerente,Guerrero
4,5,4,4,5,5,4,4,5,4,4,5,8,8,4,8,1,Educación,Director,Estado de México
3,4,3,4,4,4,3,3,3,4,3,3,7,7,4,7,2,Teletón (Grupos internos de la Fundación),Asistente,Estado de México
2,3,4,3,3,4,4,3,4,4,4,3,7,8,3,7,2,Persona física,Persona física,Ciudad de México
4,4,3,4,4,3,4,4,3,4,4,4,6,9,3,7,3,Gubernamental,Persona física,Guanajuato
5,4,4,4,3,3,4,4,4,5,4,4,8,8,4,8,10,Educación,Dueño,Hidalgo
4,4,4,4,4,4,4,3,4,4,5,4,8,8,4,7,25,Persona física,Persona física,Estado de México
4,3,3,3,4,3,3,4,5,4,4,4,7,8,4,8,3,Teletón (Grupos internos de la Fundación),Persona física,Estado de México
5,5,5,4,4,5,4,4,3,4,4,5,9,9,5,9,1,Empresa,Supervisor,Coahuila
4,4,4,5,4,5,4,5,5,5,5,5,10,10,5,10,1,Asociación civil,Persona física,Oaxaca
5,4,5,5,5,3,5,4,4,4,5,4,9,9,5,10,1,Teletón (Grupos internos de la Fundación),Persona física,Guerrero
4,4,4,4,4,3,3,5,5,5,4,4,8,9,5,9,23,Asociación civil,Persona física,Puebla
4,3,3,4,4,3,3,4,4,4,4,5,8,8,4,8,1,Teletón (Grupos internos de la Fundación),Persona física,Guerrero
4,4,4,4,3,3,4,4,4,5,4,4,8,9,5,9,1,Asociación civil,Director,Oaxaca
1,2,2,2,1,2,1,1,3,2,4,2,8,9,2,8,1,Gubernamental,Director,Oaxaca
3,3,3,3,4,4,3,4,4,3,5,4,6,8,3,7,3,Persona física,Persona física,Estado de México
2,4,3,3,3,4,2,2,4,5,4,3,6,6,3,7,3,Persona física,Persona física,Estado de México
4,4,4,4,3,4,4,5,5,4,3,4,8,8,4,7,4,Teletón (Grupos internos de la Fundación),Persona física,Estado de México
4,4,3,3,4,4,3,4,4,5,4,3,7,8,3,8,4,Educación,Director,Michoacán
4,3,4,4,3,3,4,4,4,5,4,4,7,9,4,8,4,Persona física,Asistente,Tamaulipas
5,4,5,5,4,4,5,4,4,5,4,4,8,8,4,7,3,Educación,Coordinador,Aguascalientes
4,5,5,5,4,4,5,3,4,4,3,4,8,9,3,8,4,Educación,Director,Aguascalientes
3,4,3,3,4,4,3,3,5,5,4,4,8,9,4,10,8,Persona física,Persona física,San Luis Potosí
3,4,4,4,3,3,4,3,5,4,4,4,7,8,3,8,2,Teletón (Grupos internos de la Fundación),Persona física,Estado de México
4,3,4,3,4,4,3,4,4,3,4,4,8,7,3,4,1,Persona física,Persona física,Estado de México
4,3,4,4,4,4,4,4,4,4,3,3,7,8,3,9,15,Persona física,Persona física,Estado de México
4,3,4,3,3,3,4,4,3,3,3,4,8,9,3,8,1,Gubernamental,Director,Oaxaca
3,2,3,3,3,4,4,3,4,5,4,3,7,8,3,8,10,Educación,Coordinador,Aguascalientes
4,2,3,3,3,4,3,3,4,4,3,3,7,8,3,7,6,Educación,Coordinador,Aguascalientes
4,3,3,4,3,4,4,3,5,4,4,3,8,8,4,8,3,Educación,Asistente,Sonora
2,3,4,3,3,4,4,3,4,4,3,2,7,8,2,8,1,Asociación civil,Coordinador,Oaxaca
3,3,3,3,3,4,4,4,4,4,4,3,8,9,3,7,17,Educación,Asistente,Sonora
5,4,3,4,4,3,3,3,5,4,4,3,7,8,3,7,1,Empresa,Gerente,Aguascalientes
4,4,4,3,3,4,4,4,4,4,4,3,7,9,4,8,1,Gubernamental,Director,Aguascalientes
4,4,3,4,4,4,4,3,4,3,4,4,8,8,4,8,2,Educación,Director,Guerrero
3,4,3,3,4,4,5,4,4,4,4,3,8,9,4,8,5,Educación,Director,Coahuila
4,3,3,2,3,5,5,4,4,4,4,3,7,9,3,8,20,Educación,Asistente,Sonora
4,3,4,3,3,3,3,4,4,4,4,3,6,9,3,7,5,Persona física,Persona física,Tamaulipas
5,3,3,4,4,4,4,4,4,3,3,4,8,8,4,8,2,Educación,Director,Guerrero
5,4,4,3,4,4,3,3,4,3,4,4,8,8,3,4,8,Gubernamental,Persona física,Oaxaca
4,4,4,4,4,4,4,3,4,4,3,3,7,8,3,9,1,Empresa,Dueño,Sonora
3,3,4,3,3,3,4,4,4,5,4,4,8,8,3,8,1,Empresa,Coordinador,Sonora
4,4,3,3,3,4,4,3,3,4,3,3,7,8,3,8,1,Empresa,Director,Aguascalientes
3,3,3,3,4,4,5,4,4,4,4,3,8,9,4,8,2,Persona física,Dueño,Sonora
5,4,3,4,4,3,3,3,4,4,4,3,7,8,3,7,1,Educación,Director,Estado de México
5,5,4,4,4,5,3,4,5,4,5,5,8,9,4,9,3,Educación,Gerente,Sonora
4,4,3,4,4,4,4,4,5,4,4,4,8,8,4,8,3,Educación,Asistente,Sonora
5,3,3,4,3,4,4,3,5,4,4,3,8,9,4,8,10,Gubernamental,Coordinador,Hidalgo
4,3,4,3,3,4,4,3,3,4,3,2,7,9,2,8,5,Gubernamental,Asistente,Aguascalientes
5,4,3,3,4,4,3,3,4,3,4,4,8,9,4,10,2,Educación,Director,Ciudad de México
5,3,3,4,3,3,4,4,4,3,3,4,8,8,4,8,9,Teletón (Grupos internos de la Fundación),Persona física,Ciudad de México
4,4,3,3,4,4,3,3,4,3,4,4,8,9,4,10,1,Teletón (Grupos internos de la Fundación),Asistente,Ciudad de México
4,4,4,4,3,3,4,3,4,3,3,4,7,8,3,8,1,Educación,Coordinador,Estado de México
5,4,3,4,4,3,3,3,3,4,4,3,7,9,3,7,7,Educación,Coordinador,"Ciudad de México, Morelos"
5,4,4,3,3,4,4,4,3,3,4,3,7,9,4,8,2,Educación,Persona física,Guerrero
4,3,4,4,4,4,4,3,4,4,3,3,7,8,3,9,6,Educación,Coordinador,Ciudad de México
4,4,3,4,4,3,3,3,3,4,4,3,7,8,3,7,1,Gubernamental,Director,Guerrero
4,3,3,3,3,3,4,5,4,4,4,5,7,8,4,9,3,Educación,Coordinador,Ciudad de México
5,4,3,4,4,4,4,3,5,5,4,3,8,8,3,7,1,Educación,Director,Ciudad de México
4,4,4,4,3,3,2,3,3,4,4,4,9,9,4,10,1,Educación,Coordinador,Ciudad de México
4,3,3,4,4,3,2,3,3,4,4,4,8,9,4,8,4,Educación,Coordinador,Ciudad de México
3,4,4,4,3,3,4,4,4,5,5,4,7,8,3,9,1,Asociación civil,Coordinador,Nuevo León
1,1,1,1,1,2,1,1,3,4,3,1,7,8,1,9,2,Educación,Coordinador,Sonora
4,3,4,4,4,4,4,4,4,4,4,4,9,9,4,9,10,Educación,Director,Sonora
3,4,3,3,4,4,3,3,4,4,3,3,8,8,4,7,2,Educación,Persona física,Coahuila
4,4,3,3,4,4,3,3,4,4,3,3,7,8,3,7,7,Persona física,Dueño,Ciudad de México
5,3,3,2,3,2,3,2,2,3,3,4,6,9,3,8,2,Persona física,Persona física,Sonora
4,3,3,3,3,3,3,2,4,4,3,3,8,8,4,8,10,Educación,Director,Estado de México
4,4,4,4,3,3,4,4,4,3,4,3,6,8,4,6,1,Asociación civil,Coordinador,Michoacán
5,3,4,4,3,3,4,4,4,4,5,4,8,8,4,8,1,Gubernamental,Director,Guerrero
4,3,3,2,3,3,4,3,4,5,3,3,8,8,3,8,10,Educación,Coordinador,Ciudad de México
3,4,4,4,4,4,4,4,4,4,4,4,9,8,5,8,1,Educación,Coordinador,Ciudad de México
4,4,3,3,4,3,3,4,3,5,4,3,8,8,3,8,1,Empresa,Gerente,Baja California Norte
4,3,3,3,4,4,3,3,4,4,5,5,7,9,4,9,4,Gubernamental,Director,Michoacán
3,4,4,4,4,3,4,4,4,5,4,4,9,8,3,8,12,Educación,Coordinador,Ciudad de México
2,4,4,3,4,4,4,3,4,4,3,4,9,8,3,8,3,Educación,Director,Sonora
4,3,3,3,4,4,3,4,4,5,5,4,9,8,4,8,1,Persona física,Persona física,Estado de México
4,3,3,3,4,3,3,3,4,4,4,4,8,8,4,8,1,Persona física,Persona física,Estado de México
3,5,3,4,4,4,4,4,4,4,3,4,8,8,4,8,1,Asociación civil,Director,Tabasco
3,3,3,3,4,4,3,3,4,4,3,4,7,9,3,7,1,Educación,Persona física,Querétaro
4,3,4,4,4,3,4,4,4,3,4,3,8,8,5,9,1,Empresa,Dueño,Chiapas
3,4,4,4,4,4,3,4,5,5,5,3,8,8,4,9,2,Educación,Director,Querétaro
4,4,4,4,3,3,3,3,4,4,5,3,8,9,4,8,2,Educación,Asistente,Chiapas
3,4,3,3,3,3,4,3,4,4,4,3,7,8,3,8,2,Empresa,Gerente,Querétaro
4,3,3,3,3,4,3,3,3,4,4,3,7,9,4,8,1,Asociación civil,Dueño,Querétaro
3,4,4,3,3,3,4,4,3,3,4,4,8,8,4,9,1,Empresa,Dueño,Chiapas
4,4,4,4,4,3,3,4,4,4,4,4,8,9,4,8,1,Educación,Asistente,Querétaro
4,3,3,4,3,4,3,4,4,4,3,3,9,9,3,8,5,Educación,Director,Querétaro
3,3,4,4,3,3,3,4,4,4,4,4,7,8,3,7,2,Empresa,Coordinador,Querétaro
4,3,4,4,4,3,4,3,4,5,4,4,8,8,4,7,2,Educación,Director,Querétaro
4,4,3,5,4,4,4,4,4,5,4,3,8,9,3,8,1,Asociación civil,Dueño,Querétaro
4,4,3,4,3,4,5,4,4,3,4,4,8,8,4,8,8,Asociación civil,Asistente,Chiapas
4,3,3,4,4,3,4,3,4,3,4,4,9,8,3,7,4,Educación,Director,Chiapas
3,3,3,4,4,4,2,4,5,4,5,3,8,9,4,8,10,Educación,Director,Querétaro
4,3,4,3,4,5,2,4,4,3,4,3,8,8,4,9,4,Empresa,Gerente,Querétaro
4,4,4,5,4,3,3,3,5,4,3,3,7,8,3,7,2,Educación,Coordinador,Sonora
4,4,4,4,3,4,3,3,4,5,5,4,7,8,3,7,10,Empresa,Gerente,Estado de México
3,4,3,4,3,4,3,3,4,4,4,4,8,9,4,8,10,Educación,Director,Jalisco
4,3,4,5,3,4,3,4,4,4,4,4,8,9,4,8,18,Educación,Coordinador,Jalisco
4,3,3,4,4,3,4,3,4,3,5,4,8,8,3,8,10,Educación,Coordinador,Jalisco
2,3,2,2,3,2,2,3,4,3,3,3,6,8,2,7,3,Asociación civil,Coordinador,Jalisco
5,4,4,4,4,5,3,4,4,5,4,4,8,8,4,8,3,Educación,Asistente,Jalisco
5,4,5,4,4,4,5,5,4,4,5,4,9,9,5,9,10,Educación,Director,Baja California Norte
4,3,4,5,5,3,4,4,5,5,5,4,7,9,3,8,1,Educación,Director,Veracruz
4,3,4,3,3,4,4,4,5,5,5,4,8,8,4,9,1,Educación,Coordinador,Jalisco
3,4,4,5,4,4,4,5,5,4,4,4,9,9,4,9,1,Gubernamental,Coordinador,Veracruz
4,4,4,3,4,3,3,3,5,4,4,4,8,8,4,8,1,Educación,Director,Veracruz
4,3,3,4,4,4,3,4,4,5,3,4,8,9,3,8,1,Persona física,Persona física,Sinaloa
5,2,3,2,3,3,2,4,4,4,3,4,8,9,4,8,1,Educación,Dueño,Veracruz
4,4,3,4,4,4,4,4,5,4,4,3,9,9,5,9,1,Persona física,Persona física,Sinaloa
4,3,3,3,3,4,4,5,4,5,5,4,8,8,4,8,1,Empresa,Coordinador,Tamaulipas
4,3,4,3,3,3,4,4,4,4,4,4,8,9,4,8,3,Educación,Director,Jalisco
3,2,5,4,4,3,3,4,4,4,4,4,8,9,4,9,4,Educación,Dueño,Jalisco
2,3,3,2,3,4,4,3,4,4,3,4,8,8,4,8,2,Persona física,Persona física,Veracruz
4,2,5,5,4,3,3,4,3,4,3,5,8,8,4,8,1,Persona física,Gerente,Querétaro
5,2,5,5,3,4,3,4,5,4,4,5,9,8,4,8,1,Persona física,Persona física,Ciudad de México
5,3,4,4,3,3,3,4,4,4,4,5,8,8,3,8,20,Educación,Asistente,Veracruz
4,3,4,4,4,4,4,4,4,4,4,4,8,8,4,8,1,Educación,Coordinador,Veracruz
4,4,3,4,4,4,5,5,3,4,4,4,8,8,4,8,1,Educación,Director,Veracruz
4,4,4,4,3,4,4,5,5,4,5,4,8,8,4,9,8,Educación,Coordinador,Querétaro
5,3,3,3,3,4,4,4,4,3,4,4,8,9,4,9,4,Persona física,Persona física,Veracruz
4,4,3,3,3,4,4,5,4,4,3,4,7,9,3,8,2,Empresa,Gerente,Estado de México
3,3,3,3,3,4,4,3,5,4,5,4,8,8,3,8,6,Gubernamental,Asistente,Colima
4,3,3,4,4,4,4,4,5,4,4,4,8,8,4,9,2,Educación,Coordinador,Jalisco
5,3,3,3,4,3,3,3,4,4,4,3,7,8,3,8,2,Gubernamental,Coordinador,Coahuila
4,4,4,4,4,5,3,4,4,5,4,4,8,9,4,8,3,Teletón (Grupos internos de la Fundación),Persona física,Tamaulipas
5,3,5,4,4,4,5,5,4,4,5,4,9,9,5,9,6,Teletón (Grupos internos de la Fundación),Persona física,Tamaulipas
4,4,4,5,5,3,4,4,5,5,5,4,7,9,3,8,2,Persona física,Persona física,Tamaulipas
4,4,4,3,3,4,4,4,5,5,5,4,8,8,4,9,3,Teletón (Grupos internos de la Fundación),Persona física,Tamaulipas
3,3,4,5,4,4,4,5,5,4,4,4,9,9,4,9,16,Persona física,Persona física,Coahuila
3,3,4,3,4,3,3,3,5,4,4,4,8,8,4,8,1,Teletón (Grupos internos de la Fundación),Asistente,Tamaulipas
4,4,3,4,4,4,3,4,4,5,3,4,8,9,3,8,9,Persona física,Persona física,Tamaulipas
5,3,4,3,4,4,4,3,4,4,3,4,9,8,3,7,3,Persona física,Persona física,Tamaulipas
4,4,3,3,4,4,3,4,4,5,5,4,9,8,4,8,2,Teletón (Grupos internos de la Fundación),Persona física,Tamaulipas
5,4,3,3,4,3,3,3,4,4,4,4,8,8,4,8,5,Persona física,Asistente,Tamaulipas
4,4,3,4,4,4,4,4,4,4,3,4,8,8,4,8,10,Asociación civil,Persona física,Yucatán
4,3,3,3,4,4,3,3,4,4,3,4,7,9,3,7,1,Teletón (Grupos internos de la Fundación),Asistente,Tamaulipas
3,4,4,4,4,3,4,4,5,4,4,3,8,8,5,9,2,Persona física,Persona física,Tamaulipas
2,3,4,3,4,4,4,3,5,4,5,4,9,8,3,8,6,Educación,Coordinador,Coahuila
4,4,3,3,4,4,3,4,4,5,5,4,9,8,4,8,1,Persona física,Coordinador,Veracruz
3,4,3,3,4,3,3,3,4,4,4,4,8,8,4,8,2,Educación,Supervisor,Veracruz
5,4,3,4,4,4,4,4,4,4,5,4,8,8,4,8,1,Teletón (Grupos internos de la Fundación),Persona física,Sinaloa
4,4,3,3,4,4,3,3,4,4,5,4,7,9,3,7,3,Gubernamental,Coordinador,Durango
5,3,4,4,4,3,4,4,4,4,4,3,8,8,5,9,10,Asociación civil,Director,Jalisco
5,4,4,5,4,3,3,3,4,4,3,3,7,9,3,7,1,Educación,Persona física,Veracruz
4,3,4,4,3,4,3,3,5,4,5,4,7,8,3,7,20,Educación,Persona física,Guanajuato
3,4,3,4,3,4,3,3,4,4,4,4,8,9,4,8,1,Persona física,Persona física,Sinaloa
2,4,4,5,3,4,3,4,4,4,4,4,8,9,4,8,1,Asociación civil,Dueño,Chiapas
4,3,3,4,4,3,4,3,4,5,4,4,8,9,3,8,3,Educación,Coordinador,Durango
4,3,2,2,3,2,2,3,3,2,2,3,6,8,2,7,8,Educación,Coordinador,Coahuila
5,4,4,4,4,5,3,4,4,5,4,4,8,9,4,8,2,Persona física,Gerente,Jalisco
4,4,5,4,4,4,5,5,4,4,5,4,9,9,5,9,1,Teletón (Grupos internos de la Fundación),Persona física,Tamaulipas
4,4,4,4,3,3,4,3,4,3,3,4,7,8,3,8,4,Gubernamental,Coordinador,Quintana Roo
4,3,3,4,4,3,3,3,3,4,4,3,7,8,3,7,8,Asociación civil,Director,Quintana Roo
5,4,4,3,3,4,4,4,3,3,4,3,7,8,4,8,6,Educación,Coordinador,Quintana Roo
5,3,4,4,4,4,4,3,4,4,3,3,7,8,3,9,2,Empresa,Coordinador,Jalisco
3,5,3,4,4,3,3,3,3,4,4,3,7,8,3,7,3,Empresa,Coordinador,Quintana Roo
2,3,3,3,3,3,4,5,4,4,4,5,7,9,4,9,20,Persona física,Persona física,Quintana Roo
4,3,3,4,4,4,4,3,3,3,4,3,8,8,3,7,1,Educación,Coordinador,Quintana Roo
4,3,4,4,3,3,2,3,3,4,4,4,9,9,4,9,5,Persona física,Coordinador,Quintana Roo
4,4,3,4,4,3,2,3,3,4,4,4,8,9,4,8,1,Teletón (Grupos internos de la Fundación),Persona física,Tamaulipas
3,4,4,4,3,3,4,4,4,5,4,4,7,8,3,9,13,Persona física,Persona física,Sinaloa
3,4,3,4,3,4,4,3,3,4,4,3,8,9,4,8,1,Empresa,Gerente,Quintana Roo
4,3,4,3,3,4,4,3,4,4,3,2,7,8,2,8,2,Educación,Coordinador,Quintana Roo
4,3,3,3,3,4,4,4,4,4,4,3,8,8,3,7,5,Gubernamental,Coordinador,Colima
5,3,3,4,4,3,3,3,4,4,4,3,7,8,3,7,15,Educación,Dueño,Ciudad de México
4,4,4,3,3,4,4,4,5,4,4,3,7,8,4,8,10,Gubernamental,Director,Coahuila
4,4,3,4,4,4,4,3,5,4,4,4,8,8,4,8,1,Educación,Director,Jalisco
4,3,3,3,4,4,5,4,3,4,4,3,8,8,4,8,1,Educación,Director,Sinaloa
3,3,3,2,3,5,5,4,4,4,5,3,7,9,3,8,10,Educación,Coordinador,Chihuahua
5,3,4,3,3,3,3,4,4,4,5,3,6,9,3,7,2,Educación,Coordinador,Chihuahua
2,4,3,4,4,4,4,4,4,3,5,4,8,8,4,8,1,Educación,Coordinador,Chihuahua
5,4,4,3,4,4,3,3,4,3,4,4,8,8,3,6,1,Persona física,Persona física,Yucatán
1,3,4,4,4,4,4,3,4,4,5,3,7,8,3,9,1,Educación,Coordinador,Chihuahua
4,4,4,3,3,3,4,4,5,3,5,4,8,8,3,8,15,Educación,Coordinador,Chihuahua
4,3,3,3,3,4,4,3,3,4,3,3,7,9,3,8,2,Empresa,Coordinador,Chihuahua
4,3,3,4,4,4,4,4,5,4,5,4,8,8,4,8,10,Educación,Coordinador,Chiapas
5,4,3,3,4,4,3,3,4,4,3,4,7,8,3,7,2,Empresa,Persona física,Chihuahua
5,4,4,4,4,3,4,4,3,4,4,3,8,8,5,9,10,Educación,Supervisor,Chihuahua
4,5,4,5,4,3,3,3,3,4,3,3,7,9,3,7,10,Persona física,Persona física,Sinaloa
3,4,4,4,3,4,3,3,5,4,4,4,7,9,3,7,1,Empresa,Coordinador,Chihuahua
4,5,3,4,3,4,3,3,4,4,4,4,8,9,4,8,4,Educación,Coordinador,Chihuahua
5,3,4,5,3,4,3,4,5,4,5,4,8,9,4,8,4,Gubernamental,Asistente,Chiapas
4,3,3,4,4,3,4,3,4,3,3,4,8,9,3,6,1,Teletón (Grupos internos de la Fundación),Coordinador,Chiapas
5,4,2,2,3,2,2,3,4,3,5,3,6,8,2,7,6,Educación,Coordinador,Chihuahua
4,4,4,4,4,5,3,4,4,5,4,4,8,9,4,8,9,Educación,Persona física,Tabasco
4,3,5,4,4,4,5,5,4,4,5,4,9,9,5,9,3,Teletón (Grupos internos de la Fundación),Persona física,Tamaulipas
4,4,4,4,3,3,4,3,5,3,4,4,7,8,3,8,2,Empresa,Coordinador,Quintana Roo
3,4,3,4,4,3,4,4,3,4,4,4,6,9,3,7,10,Educación,Coordinador,Chiapas
4,3,4,4,3,3,4,4,3,3,3,4,8,8,4,8,1,Empresa,Gerente,Jalisco
4,4,4,4,4,4,4,3,4,4,3,4,8,8,4,7,13,Educación,Coordinador,Jalisco
4,4,3,3,4,3,3,4,5,3,5,4,7,8,4,8,3,Empresa,Supervisor,Chihuahua
5,4,5,4,4,5,4,4,3,4,4,5,9,9,5,9,1,Teletón (Grupos internos de la Fundación),Persona física,Yucatán
4,3,4,5,4,5,4,5,5,5,5,5,10,10,5,9,3,Educación,Asistente,Aguascalientes
3,3,5,5,5,3,5,4,4,4,5,4,9,9,5,10,2,Educación,Persona física,Yucatán
3,4,4,4,4,3,3,5,5,5,4,4,8,9,5,9,1,Empresa,Supervisor,Guerrero
4,4,3,4,4,3,3,4,4,4,4,5,8,8,4,8,1,Educación,Asistente,Guerrero
4,3,4,4,3,3,4,4,4,5,4,4,8,9,5,9,2,Empresa,Gerente,Guerrero
3,4,2,2,1,2,1,1,1,2,4,2,8,8,2,6,2,Teletón (Grupos internos de la Fundación),Asistente,Tamaulipas
4,3,3,3,4,4,3,4,3,2,4,4,6,9,3,7,1,Teletón (Grupos internos de la Fundación),Asistente,Guerrero
4,4,3,4,4,4,3,4,4,5,5,4,8,8,3,8,1,Educación,Asistente,Guerrero
5,3,4,3,4,4,4,3,4,4,5,4,9,10,3,8,2,Empresa,Gerente,Guerrero
4,3,3,3,4,4,3,4,4,5,5,4,9,8,4,8,21,Persona física,Persona física,Chiapas
4,5,3,3,4,3,3,3,4,4,4,4,8,8,4,8,11,Educación,Director,Chiapas
4,2,3,4,4,4,4,4,4,4,5,4,8,8,4,8,1,Teletón (Grupos internos de la Fundación),Asistente,Tamaulipas
3,3,3,3,4,4,3,3,4,4,5,4,7,8,3,7,2,Empresa,Gerente,Querétaro
3,5,4,4,4,3,4,4,5,4,5,3,8,8,5,9,1,Empresa,Coordinador,Quintana Roo
2,4,4,3,4,4,4,3,4,4,5,4,9,9,3,8,2,Persona física,Persona física,Sinaloa
3,4,3,3,4,4,3,4,4,5,5,4,9,8,4,8,4,Educación,Supervisor,Jalisco
4,4,3,3,4,3,3,3,4,4,4,4,8,10,4,8,1,Persona física,Dueño,Veracruz
4,3,3,4,4,4,4,4,5,5,4,4,8,8,4,8,3,Educación,Coordinador,Aguascalientes
4,4,3,3,4,4,3,3,4,4,3,4,7,8,3,7,14,Educación,Coordinador,Aguascalientes
5,3,4,4,4,3,4,4,3,4,4,3,8,8,5,9,1,Educación,Asistente,Estado de México
5,4,4,5,4,3,3,3,3,4,3,3,7,9,3,7,2,Persona física,Persona física,Veracruz
4,4,3,4,3,4,3,3,4,3,3,4,7,8,3,7,2,Empresa,Asistente,Baja California Norte
4,4,3,5,3,4,3,4,4,4,4,4,8,8,4,8,1,Empresa,Persona física,Veracruz
3,4,3,4,4,3,4,3,4,3,3,4,8,9,3,8,1,Empresa,Asistente,Tabasco
4,4,2,2,3,2,2,3,3,2,2,3,6,8,2,7,1,Gubernamental,Coordinador,Aguascalientes
3,4,4,4,3,3,3,4,4,5,4,4,8,10,4,8,4,Educación,Coordinador,Ciudad de México
4,3,5,4,4,4,5,5,4,4,5,4,9,9,5,9,25,Educación,Coordinador,Quintana Roo
4,4,4,4,3,3,4,3,4,3,3,4,7,10,3,8,3,Educación,Dueño,Coahuila
4,3,3,4,4,3,3,3,3,4,4,3,7,8,3,8,1,Educación,Supervisor,Guerrero
4,4,4,3,3,4,4,4,5,5,4,3,7,8,4,8,2,Educación,Coordinador,Guerrero
3,4,4,4,4,4,4,3,4,4,3,3,7,8,3,9,1,Empresa,Supervisor,Guerrero
2,3,3,4,4,3,3,3,3,4,4,3,7,8,3,8,6,Educación,Coordinador,Michoacán
4,4,4,5,4,3,5,5,5,5,5,5,10,10,5,9,19,Educación,Persona física,Guanajuato
3,5,4,5,4,4,4,4,4,3,3,4,9,9,5,9,1,Educación,Coordinador,Guerrero
4,5,4,5,4,3,5,5,5,5,5,5,10,10,5,8,6,Educación,Coordinador,Chiapas
4,4,5,4,5,4,5,4,5,4,4,5,9,9,5,8,4,Gubernamental,Coordinador,Michoacán
4,4,5,5,5,3,5,5,5,5,5,5,10,10,5,9,1,Educación,Coordinador,Sonora
,,,,,,,,,,,,,,,,,,,
,,,,,,,,,,,,,,,,,,,
,,,,,,,,,,,,,,,,,,,
,,,,,,,,,,,,,,,,,,,
,,,,,,,,,,,,,,,,,,,
,,,,,,,,,,,,,,,,,,,
,,,,,,,,,,,,,,,,,,,
,,,,,,,,,,,,,,,,,,,
,,,,,,,,,,,,,,,,,,,
,,,,,,,,,,,,,,,,,,,
,,,,,,,,,,,,,,,,,,,
,,,,,,,,,,,,,,,,,,,
,,,,,,,,,,,,,,,,,,,
,,,,,,,,,,,,,,,,,,,
,,,,,,,,,,,,,,,,,,,
,,,,,,,,,,,,,,,,,,,
,,,,,,,,,,,,,,,,,,,
,,,,,,,,,,,,,,,,,,,
,,,,,,,,,,,,,,,,,,,
,,,,,,,,,,,,,,,,,,,
,,,,,,,,,,,,,,,,,,,
,,,,,,,,,,,,,,,,,,,
,,,,,,,,,,,,,,,,,,,
,,,,,,,,,,,,,,,,,,,
,,,,,,,,,,,,,,,,,,,
,,,,,,,,,,,,,,,,,,,
,,,,,,,,,,,,,,,,,,,
,,,,,,,,,,,,,,,,,,,
,,,,,,,,,,,,,,,,,,,
,,,,,,,,,,,,,,,,,,,
,,,,,,,,,,,,,,,,,,,
,,,,,,,,,,,,,,,,,,,
,,,,,,,,,,,,,,,,,,,
,,,,,,,,,,,,,,,,,,,
,,,,,,,,,,,,,,,,,,,
,,,,,,,,,,,,,,,,,,,
,,,,,,,,,,,,,,,,,,,
,,,,,,,,,,,,,,,,,,,
,,,,,,,,,,,,,,,,,,,
,,,,,,,,,,,,,,,,,,,
,,,,,,,,,,,,,,,,,,,
,,,,,,,,,,,,,,,,,,,
,,,,,,,,,,,,,,,,,,,
,,,,,,,,,,,,,,,,,,,
,,,,,,,,,,,,,,,,,,,
,,,,,,,,,,,,,,,,,,,
,,,,,,,,,,,,,,,,,,,
,,,,,,,,,,,,,,,,,,,
,,,,,,,,,,,,,,,,,,,
,,,,,,,,,,,,,,,,,,,
,,,,,,,,,,,,,,,,,,,
,,,,,,,,,,,,,,,,,,,
,,,,,,,,,,,,,,,,,,,
,,,,,,,,,,,,,,,,,,,
,,,,,,,,,,,,,,,,,,,
,,,,,,,,,,,,,,,,,,,
,,,,,,,,,,,,,,,,,,,
,,,,,,,,,,,,,,,,,,,
,,,,,,,,,,,,,,,,,,,
,,,,,,,,,,,,,,,,,,,
,,,,,,,,,,,,,,,,,,,
,,,,,,,,,,,,,,,,,,,
,,,,,,,,,,,,,,,,,,,
,,,,,,,,,,,,,,,,,,,
,,,,,,,,,,,,,,,,,,,
,,,,,,,,,,,,,,,,,,,
,,,,,,,,,,,,,,,,,,,
,,,,,,,,,,,,,,,,,,,
,,,,,,,,,,,,,,,,,,,
,,,,,,,,,,,,,,,,,,,
,,,,,,,,,,,,,,,,,,,
,,,,,,,,,,,,,,,,,,,
,,,,,,,,,,,,,,,,,,,
,,,,,,,,,,,,,,,,,,,
,,,,,,,,,,,,,,,,,,,
,,,,,,,,,,,,,,,,,,,
,,,,,,,,,,,,,,,,,,,
,,,,,,,,,,,,,,,,,,,
,,,,,,,,,,,,,,,,,,,
,,,,,,,,,,,,,,,,,,,
,,,,,,,,,,,,,,,,,,,
,,,,,,,,,,,,,,,,,,,
,,,,,,,,,,,,,,,,,,,
,,,,,,,,,,,,,,,,,,,
,,,,,,,,,,,,,,,,,,,
,,,,,,,,,,,,,,,,,,,
,,,,,,,,,,,,,,,,,,,
,,,,,,,,,,,,,,,,,,,
,,,,,,,,,,,,,,,,,,,
,,,,,,,,,,,,,,,,,,,
,,,,,,,,,,,,,,,,,,,
,,,,,,,,,,,,,,,,,,,
,,,,,,,,,,,,,,,,,,,
,,,,,,,,,,,,,,,,,,,
,,,,,,,,,,,,,,,,,,,
,,,,,,,,,,,,,,,,,,,
,,,,,,,,,,,,,,,,,,,
,,,,,,,,,,,,,,,,,,,
,,,,,,,,,,,,,,,,,,,
,,,,,,,,,,,,,,,,,,,
,,,,,,,,,,,,,,,,,,,
,,,,,,,,,,,,,,,,,,,
,,,,,,,,,,,,,,,,,,,
,,,,,,,,,,,,,,,,,,,
,,,,,,,,,,,,,,,,,,,
,,,,,,,,,,,,,,,,,,,
,,,,,,,,,,,,,,,,,,,
,,,,,,,,,,,,,,,,,,,
,,,,,,,,,,,,,,,,,,,
,,,,,,,,,,,,,,,,,,,
,,,,,,,,,,,,,,,,,,,
,,,,,,,,,,,,,,,,,,,
,,,,,,,,,,,,,,,,,,,
,,,,,,,,,,,,,,,,,,,
,,,,,,,,,,,,,,,,,,,
,,,,,,,,,,,,,,,,,,,
,,,,,,,,,,,,,,,,,,,
,,,,,,,,,,,,,,,,,,,
,,,,,,,,,,,,,,,,,,,
,,,,,,,,,,,,,,,,,,,
,,,,,,,,,,,,,,,,,,,
,,,,,,,,,,,,,,,,,,,
,,,,,,,,,,,,,,,,,,,
,,,,,,,,,,,,,,,,,,,
,,,,,,,,,,,,,,,,,,,
,,,,,,,,,,,,,,,,,,,
,,,,,,,,,,,,,,,,,,,
,,,,,,,,,,,,,,,,,,,
,,,,,,,,,,,,,,,,,,,
,,,,,,,,,,,,,,,,,,,
,,,,,,,,,,,,,,,,,,,
,,,,,,,,,,,,,,,,,,,
,,,,,,,,,,,,,,,,,,,
,,,,,,,,,,,,,,,,,,,
,,,,,,,,,,,,,,,,,,,
,,,,,,,,,,,,,,,,,,,
,,,,,,,,,,,,,,,,,,,
,,,,,,,,,,,,,,,,,,,
,,,,,,,,,,,,,,,,,,,
,,,,,,,,,,,,,,,,,,,
,,,,,,,,,,,,,,,,,,,
,,,,,,,,,,,,,,,,,,,
,,,,,,,,,,,,,,,,,,,
,,,,,,,,,,,,,,,,,,,
,,,,,,,,,,,,,,,,,,,
,,,,,,,,,,,,,,,,,,,
,,,,,,,,,,,,,,,,,,,
,,,,,,,,,,,,,,,,,,,
,,,,,,,,,,,,,,,,,,,
,,,,,,,,,,,,,,,,,,,
,,,,,,,,,,,,,,,,,,,
,,,,,,,,,,,,,,,,,,,
,,,,,,,,,,,,,,,,,,,
,,,,,,,,,,,,,,,,,,,
,,,,,,,,,,,,,,,,,,,
,,,,,,,,,,,,,,,,,,,
,,,,,,,,,,,,,,,,,,,
,,,,,,,,,,,,,,,,,,,
,,,,,,,,,,,,,,,,,,,
,,,,,,,,,,,,,,,,,,,
,,,,,,,,,,,,,,,,,,,
,,,,,,,,,,,,,,,,,,,
,,,,,,,,,,,,,,,,,,,
,,,,,,,,,,,,,,,,,,,
,,,,,,,,,,,,,,,,,,,
,,,,,,,,,,,,,,,,,,,
,,,,,,,,,,,,,,,,,,,
,,,,,,,,,,,,,,,,,,,
,,,,,,,,,,,,,,,,,,,
,,,,,,,,,,,,,,,,,,,
,,,,,,,,,,,,,,,,,,,
,,,,,,,,,,,,,,,,,,,
,,,,,,,,,,,,,,,,,,,
,,,,,,,,,,,,,,,,,,,
,,,,,,,,,,,,,,,,,,,
,,,,,,,,,,,,,,,,,,,
,,,,,,,,,,,,,,,,,,,
,,,,,,,,,,,,,,,,,,,
,,,,,,,,,,,,,,,,,,,
,,,,,,,,,,,,,,,,,,,
,,,,,,,,,,,,,,,,,,,
,,,,,,,,,,,,,,,,,,,
,,,,,,,,,,,,,,,,,,,
,,,,,,,,,,,,,,,,,,,
,,,,,,,,,,,,,,,,,,,
,,,,,,,,,,,,,,,,,,,
,,,,,,,,,,,,,,,,,,,
,,,,,,,,,,,,,,,,,,,
,,,,,,,,,,,,,,,,,,,
,,,,,,,,,,,,,,,,,,,
,,,,,,,,,,,,,,,,,,,
,,,,,,,,,,,,,,,,,,,
,,,,,,,,,,,,,,,,,,,
,,,,,,,,,,,,,,,,,,,
,,,,,,,,,,,,,,,,,,,
,,,,,,,,,,,,,,,,,,,
,,,,,,,,,,,,,,,,,,,
,,,,,,,,,,,,,,,,,,,
,,,,,,,,,,,,,,,,,,,
,,,,,,,,,,,,,,,,,,,
,,,,,,,,,,,,,,,,,,,
,,,,,,,,,,,,,,,,,,,
,,,,,,,,,,,,,,,,,,,
,,,,,,,,,,,,,,,,,,,
,,,,,,,,,,,,,,,,,,,
,,,,,,,,,,,,,,,,,,,
,,,,,,,,,,,,,,,,,,,
,,,,,,,,,,,,,,,,,,,
,,,,,,,,,,,,,,,,,,,
,,,,,,,,,,,,,,,,,,,
,,,,,,,,,,,,,,,,,,,
,,,,,,,,,,,,,,,,,,,
,,,,,,,,,,,,,,,,,,,
,,,,,,,,,,,,,,,,,,,
,,,,,,,,,,,,,,,,,,,
,,,,,,,,,,,,,,,,,,,
,,,,,,,,,,,,,,,,,,,
,,,,,,,,,,,,,,,,,,,
,,,,,,,,,,,,,,,,,,,
,,,,,,,,,,,,,,,,,,,
,,,,,,,,,,,,,,,,,,,
,,,,,,,,,,,,,,,,,,,
,,,,,,,,,,,,,,,,,,,
,,,,,,,,,,,,,,,,,,,
,,,,,,,,,,,,,,,,,,,
,,,,,,,,,,,,,,,,,,,
,,,,,,,,,,,,,,,,,,,
,,,,,,,,,,,,,,,,,,,
,,,,,,,,,,,,,,,,,,,
,,,,,,,,,,,,,,,,,,,
,,,,,,,,,,,,,,,,,,,
,,,,,,,,,,,,,,,,,,,
,,,,,,,,,,,,,,,,,,,
,,,,,,,,,,,,,,,,,,,
,,,,,,,,,,,,,,,,,,,
,,,,,,,,,,,,,,,,,,,
,,,,,,,,,,,,,,,,,,,
,,,,,,,,,,,,,,,,,,,
,,,,,,,,,,,,,,,,,,,
,,,,,,,,,,,,,,,,,,,
,,,,,,,,,,,,,,,,,,,
,,,,,,,,,,,,,,,,,,,
,,,,,,,,,,,,,,,,,,,
,,,,,,,,,,,,,,,,,,,
,,,,,,,,,,,,,,,,,,,
,,,,,,,,,,,,,,,,,,,
,,,,,,,,,,,,,,,,,,,
,,,,,,,,,,,,,,,,,,,
,,,,,,,,,,,,,,,,,,,
,,,,,,,,,,,,,,,,,,,
,,,,,,,,,,,,,,,,,,,
,,,,,,,,,,,,,,,,,,,
,,,,,,,,,,,,,,,,,,,
,,,,,,,,,,,,,,,,,,,
,,,,,,,,,,,,,,,,,,,
,,,,,,,,,,,,,,,,,,,
,,,,,,,,,,,,,,,,,,,
,,,,,,,,,,,,,,,,,,,
,,,,,,,,,,,,,,,,,,,
,,,,,,,,,,,,,,,,,,,
,,,,,,,,,,,,,,,,,,,
,,,,,,,,,,,,,,,,,,,
,,,,,,,,,,,,,,,,,,,
,,,,,,,,,,,,,,,,,,,
,,,,,,,,,,,,,,,,,,,
,,,,,,,,,,,,,,,,,,,
,,,,,,,,,,,,,,,,,,,
,,,,,,,,,,,,,,,,,,,
,,,,,,,,,,,,,,,,,,,
,,,,,,,,,,,,,,,,,,,
,,,,,,,,,,,,,,,,,,,
,,,,,,,,,,,,,,,,,,,
,,,,,,,,,,,,,,,,,,,
,,,,,,,,,,,,,,,,,,,
,,,,,,,,,,,,,,,,,,,
,,,,,,,,,,,,,,,,,,,
,,,,,,,,,,,,,,,,,,,
,,,,,,,,,,,,,,,,,,,
,,,,,,,,,,,,,,,,,,,
,,,,,,,,,,,,,,,,,,,
,,,,,,,,,,,,,,,,,,,
,,,,,,,,,,,,,,,,,,,
,,,,,,,,,,,,,,,,,,,
,,,,,,,,,,,,,,,,,,,
,,,,,,,,,,,,,,,,,,,
,,,,,,,,,,,,,,,,,,,
,,,,,,,,,,,,,,,,,,,
,,,,,,,,,,,,,,,,,,,
,,,,,,,,,,,,,,,,,,,
,,,,,,,,,,,,,,,,,,,
,,,,,,,,,,,,,,,,,,,
,,,,,,,,,,,,,,,,,,,
,,,,,,,,,,,,,,,,,,,
,,,,,,,,,,,,,,,,,,,
,,,,,,,,,,,,,,,,,,,
,,,,,,,,,,,,,,,,,,,
,,,,,,,,,,,,,,,,,,,
,,,,,,,,,,,,,,,,,,,
,,,,,,,,,,,,,,,,,,,
,,,,,,,,,,,,,,,,,,,
,,,,,,,,,,,,,,,,,,,
,,,,,,,,,,,,,,,,,,,
,,,,,,,,,,,,,,,,,,,
,,,,,,,,,,,,,,,,,,,
,,,,,,,,,,,,,,,,,,,
,,,,,,,,,,,,,,,,,,,
,,,,,,,,,,,,,,,,,,,
,,,,,,,,,,,,,,,,,,,
,,,,,,,,,,,,,,,,,,,
,,,,,,,,,,,,,,,,,,,
,,,,,,,,,,,,,,,,,,,
,,,,,,,,,,,,,,,,,,,
,,,,,,,,,,,,,,,,,,,
,,,,,,,,,,,,,,,,,,,
,,,,,,,,,,,,,,,,,,,
,,,,,,,,,,,,,,,,,,,
,,,,,,,,,,,,,,,,,,,
,,,,,,,,,,,,,,,,,,,
,,,,,,,,,,,,,,,,,,,
,,,,,,,,,,,,,,,,,,,
,,,,,,,,,,,,,,,,,,,
,,,,,,,,,,,,,,,,,,,
,,,,,,,,,,,,,,,,,,,
,,,,,,,,,,,,,,,,,,,
,,,,,,,,,,,,,,,,,,,
,,,,,,,,,,,,,,,,,,,
,,,,,,,,,,,,,,,,,,,
,,,,,,,,,,,,,,,,,,,
,,,,,,,,,,,,,,,,,,,
,,,,,,,,,,,,,,,,,,,
,,,,,,,,,,,,,,,,,,,
,,,,,,,,,,,,,,,,,,,
,,,,,,,,,,,,,,,,,,,
,,,,,,,,,,,,,,,,,,,
,,,,,,,,,,,,,,,,,,,
,,,,,,,,,,,,,,,,,,,
,,,,,,,,,,,,,,,,,,,
,,,,,,,,,,,,,,,,,,,
,,,,,,,,,,,,,,,,,,,
,,,,,,,,,,,,,,,,,,,
,,,,,,,,,,,,,,,,,,,
,,,,,,,,,,,,,,,,,,,
,,,,,,,,,,,,,,,,,,,
,,,,,,,,,,,,,,,,,,,
,,,,,,,,,,,,,,,,,,,
,,,,,,,,,,,,,,,,,,,
,,,,,,,,,,,,,,,,,,,
,,,,,,,,,,,,,,,,,,,
,,,,,,,,,,,,,,,,,,,
,,,,,,,,,,,,,,,,,,,
,,,,,,,,,,,,,,,,,,,
,,,,,,,,,,,,,,,,,,,
,,,,,,,,,,,,,,,,,,,
,,,,,,,,,,,,,,,,,,,
,,,,,,,,,,,,,,,,,,,
,,,,,,,,,,,,,,,,,,,
,,,,,,,,,,,,,,,,,,,
,,,,,,,,,,,,,,,,,,,
,,,,,,,,,,,,,,,,,,,
,,,,,,,,,,,,,,,,,,,
,,,,,,,,,,,,,,,,,,,
,,,,,,,,,,,,,,,,,,,
,,,,,,,,,,,,,,,,,,,
,,,,,,,,,,,,,,,,,,,
,,,,,,,,,,,,,,,,,,,
,,,,,,,,,,,,,,,,,,,
,,,,,,,,,,,,,,,,,,,
,,,,,,,,,,,,,,,,,,,
,,,,,,,,,,,,,,,,,,,
,,,,,,,,,,,,,,,,,,,
,,,,,,,,,,,,,,,,,,,
,,,,,,,,,,,,,,,,,,,
,,,,,,,,,,,,,,,,,,,
,,,,,,,,,,,,,,,,,,,
,,,,,,,,,,,,,,,,,,,
,,,,,,,,,,,,,,,,,,,
,,,,,,,,,,,,,,,,,,,
,,,,,,,,,,,,,,,,,,,
,,,,,,,,,,,,,,,,,,,
,,,,,,,,,,,,,,,,,,,
,,,,,,,,,,,,,,,,,,,
,,,,,,,,,,,,,,,,,,,
,,,,,,,,,,,,,,,,,,,
,,,,,,,,,,,,,,,,,,,
,,,,,,,,,,,,,,,,,,,
,,,,,,,,,,,,,,,,,,,
,,,,,,,,,,,,,,,,,,,
,,,,,,,,,,,,,,,,,,,
,,,,,,,,,,,,,,,,,,,
,,,,,,,,,,,,,,,,,,,
,,,,,,,,,,,,,,,,,,,
,,,,,,,,,,,,,,,,,,,
,,,,,,,,,,,,,,,,,,,
,,,,,,,,,,,,,,,,,,,
,,,,,,,,,,,,,,,,,,,
,,,,,,,,,,,,,,,,,,,
,,,,,,,,,,,,,,,,,,,
,,,,,,,,,,,,,,,,,,,
,,,,,,,,,,,,,,,,,,,
,,,,,,,,,,,,,,,,,,,
,,,,,,,,,,,,,,,,,,,
,,,,,,,,,,,,,,,,,,,
,,,,,,,,,,,,,,,,,,,
,,,,,,,,,,,,,,,,,,,
,,,,,,,,,,,,,,,,,,,
,,,,,,,,,,,,,,,,,,,
,,,,,,,,,,,,,,,,,,,
,,,,,,,,,,,,,,,,,,,
,,,,,,,,,,,,,,,,,,,
,,,,,,,,,,,,,,,,,,,
,,,,,,,,,,,,,,,,,,,
,,,,,,,,,,,,,,,,,,,
,,,,,,,,,,,,,,,,,,,
,,,,,,,,,,,,,,,,,,,
,,,,,,,,,,,,,,,,,,,
,,,,,,,,,,,,,,,,,,,
,,,,,,,,,,,,,,,,,,,
,,,,,,,,,,,,,,,,,,,
,,,,,,,,,,,,,,,,,,,
,,,,,,,,,,,,,,,,,,,
,,,,,,,,,,,,,,,,,,,
,,,,,,,,,,,,,,,,,,,
,,,,,,,,,,,,,,,,,,,
,,,,,,,,,,,,,,,,,,,
,,,,,,,,,,,,,,,,,,,
,,,,,,,,,,,,,,,,,,,
,,,,,,,,,,,,,,,,,,,
,,,,,,,,,,,,,,,,,,,
,,,,,,,,,,,,,,,,,,,
,,,,,,,,,,,,,,,,,,,
,,,,,,,,,,,,,,,,,,,
,,,,,,,,,,,,,,,,,,,
,,,,,,,,,,,,,,,,,,,
,,,,,,,,,,,,,,,,,,,
,,,,,,,,,,,,,,,,,,,
,,,,,,,,,,,,,,,,,,,
,,,,,,,,,,,,,,,,,,,
,,,,,,,,,,,,,,,,,,,
,,,,,,,,,,,,,,,,,,,
,,,,,,,,,,,,,,,,,,,
,,,,,,,,,,,,,,,,,,,
,,,,,,,,,,,,,,,,,,,
,,,,,,,,,,,,,,,,,,,
,,,,,,,,,,,,,,,,,,,
,,,,,,,,,,,,,,,,,,,
,,,,,,,,,,,,,,,,,,,
,,,,,,,,,,,,,,,,,,,
,,,,,,,,,,,,,,,,,,,
,,,,,,,,,,,,,,,,,,,
,,,,,,,,,,,,,,,,,,,
,,,,,,,,,,,,,,,,,,,
,,,,,,,,,,,,,,,,,,,
,,,,,,,,,,,,,,,,,,,
,,,,,,,,,,,,,,,,,,,
,,,,,,,,,,,,,,,,,,,
,,,,,,,,,,,,,,,,,,,
,,,,,,,,,,,,,,,,,,,
,,,,,,,,,,,,,,,,,,,
,,,,,,,,,,,,,,,,,,,
,,,,,,,,,,,,,,,,,,,
,,,,,,,,,,,,,,,,,,,
,,,,,,,,,,,,,,,,,,,
,,,,,,,,,,,,,,,,,,,
,,,,,,,,,,,,,,,,,,,
,,,,,,,,,,,,,,,,,,,
,,,,,,,,,,,,,,,,,,,
,,,,,,,,,,,,,,,,,,,
,,,,,,,,,,,,,,,,,,,
,,,,,,,,,,,,,,,,,,,
,,,,,,,,,,,,,,,,,,,
,,,,,,,,,,,,,,,,,,,
,,,,,,,,,,,,,,,,,,,
,,,,,,,,,,,,,,,,,,,
,,,,,,,,,,,,,,,,,,,
,,,,,,,,,,,,,,,,,,,
,,,,,,,,,,,,,,,,,,,
,,,,,,,,,,,,,,,,,,,
,,,,,,,,,,,,,,,,,,,
,,,,,,,,,,,,,,,,,,,
,,,,,,,,,,,,,,,,,,,
,,,,,,,,,,,,,,,,,,,
,,,,,,,,,,,,,,,,,,,
,,,,,,,,,,,,,,,,,,,
,,,,,,,,,,,,,,,,,,,
,,,,,,,,,,,,,,,,,,,
,,,,,,,,,,,,,,,,,,,
,,,,,,,,,,,,,,,,,,,
,,,,,,,,,,,,,,,,,,,
,,,,,,,,,,,,,,,,,,,
,,,,,,,,,,,,,,,,,,,
,,,,,,,,,,,,,,,,,,,
,,,,,,,,,,,,,,,,,,,
,,,,,,,,,,,,,,,,,,,
,,,,,,,,,,,,,,,,,,,
,,,,,,,,,,,,,,,,,,,
,,,,,,,,,,,,,,,,,,,
,,,,,,,,,,,,,,,,,,,
,,,,,,,,,,,,,,,,,,,
,,,,,,,,,,,,,,,,,,,
,,,,,,,,,,,,,,,,,,,
,,,,,,,,,,,,,,,,,,,
,,,,,,,,,,,,,,,,,,,
,,,,,,,,,,,,,,,,,,,
,,,,,,,,,,,,,,,,,,,
,,,,,,,,,,,,,,,,,,,
,,,,,,,,,,,,,,,,,,,
,,,,,,,,,,,,,,,,,,,
,,,,,,,,,,,,,,,,,,,
,,,,,,,,,,,,,,,,,,,
,,,,,,,,,,,,,,,,,,,
,,,,,,,,,,,,,,,,,,,
,,,,,,,,,,,,,,,,,,,
,,,,,,,,,,,,,,,,,,,
,,,,,,,,,,,,,,,,,,,
,,,,,,,,,,,,,,,,,,,
,,,,,,,,,,,,,,,,,,,
,,,,,,,,,,,,,,,,,,,
,,,,,,,,,,,,,,,,,,,
,,,,,,,,,,,,,,,,,,,
,,,,,,,,,,,,,,,,,,,
,,,,,,,,,,,,,,,,,,,
,,,,,,,,,,,,,,,,,,,
,,,,,,,,,,,,,,,,,,,
,,,,,,,,,,,,,,,,,,,
,,,,,,,,,,,,,,,,,,,
,,,,,,,,,,,,,,,,,,,
,,,,,,,,,,,,,,,,,,,
,,,,,,,,,,,,,,,,,,,
,,,,,,,,,,,,,,,,,,,
,,,,,,,,,,,,,,,,,,,
,,,,,,,,,,,,,,,,,,,
,,,,,,,,,,,,,,,,,,,
,,,,,,,,,,,,,,,,,,,
,,,,,,,,,,,,,,,,,,,
,,,,,,,,,,,,,,,,,,,
,,,,,,,,,,,,,,,,,,,
,,,,,,,,,,,,,,,,,,,
,,,,,,,,,,,,,,,,,,,
,,,,,,,,,,,,,,,,,,,
,,,,,,,,,,,,,,,,,,,
,,,,,,,,,,,,,,,,,,,
,,,,,,,,,,,,,,,,,,,
,,,,,,,,,,,,,,,,,,,
,,,,,,,,,,,,,,,,,,,
,,,,,,,,,,,,,,,,,,,
,,,,,,,,,,,,,,,,,,,
,,,,,,,,,,,,,,,,,,,
,,,,,,,,,,,,,,,,,,,
,,,,,,,,,,,,,,,,,,,
,,,,,,,,,,,,,,,,,,,
,,,,,,,,,,,,,,,,,,,
,,,,,,,,,,,,,,,,,,,
,,,,,,,,,,,,,,,,,,,
,,,,,,,,,,,,,,,,,,,
,,,,,,,,,,,,,,,,,,,
,,,,,,,,,,,,,,,,,,,
,,,,,,,,,,,,,,,,,,,
,,,,,,,,,,,,,,,,,,,
,,,,,,,,,,,,,,,,,,,
,,,,,,,,,,,,,,,,,,,
,,,,,,,,,,,,,,,,,,,
,,,,,,,,,,,,,,,,,,,
,,,,,,,,,,,,,,,,,,,
,,,,,,,,,,,,,,,,,,,
,,,,,,,,,,,,,,,,,,,
,,,,,,,,,,,,,,,,,,,
,,,,,,,,,,,,,,,,,,,
,,,,,,,,,,,,,,,,,,,
,,,,,,,,,,,,,,,,,,,
,,,,,,,,,,,,,,,,,,,
,,,,,,,,,,,,,,,,,,,
,,,,,,,,,,,,,,,,,,,
,,,,,,,,,,,,,,,,,,,
,,,,,,,,,,,,,,,,,,,
,,,,,,,,,,,,,,,,,,,
,,,,,,,,,,,,,,,,,,,
,,,,,,,,,,,,,,,,,,,
,,,,,,,,,,,,,,,,,,,
,,,,,,,,,,,,,,,,,,,
,,,,,,,,,,,,,,,,,,,
,,,,,,,,,,,,,,,,,,,
,,,,,,,,,,,,,,,,,,,
,,,,,,,,,,,,,,,,,,,
,,,,,,,,,,,,,,,,,,,
,,,,,,,,,,,,,,,,,,,
,,,,,,,,,,,,,,,,,,,
,,,,,,,,,,,,,,,,,,,
,,,,,,,,,,,,,,,,,,,
,,,,,,,,,,,,,,,,,,,
,,,,,,,,,,,,,,,,,,,
,,,,,,,,,,,,,,,,,,,
,,,,,,,,,,,,,,,,,,,
,,,,,,,,,,,,,,,,,,,
,,,,,,,,,,,,,,,,,,,
,,,,,,,,,,,,,,,,,,,
,,,,,,,,,,,,,,,,,,,
,,,,,,,,,,,,,,,,,,,
,,,,,,,,,,,,,,,,,,,
,,,,,,,,,,,,,,,,,,,
,,,,,,,,,,,,,,,,,,,
,,,,,,,,,,,,,,,,,,,
,,,,,,,,,,,,,,,,,,,
,,,,,,,,,,,,,,,,,,,
,,,,,,,,,,,,,,,,,,,
,,,,,,,,,,,,,,,,,,,
,,,,,,,,,,,,,,,,,,,
,,,,,,,,,,,,,,,,,,,
,,,,,,,,,,,,,,,,,,,
,,,,,,,,,,,,,,,,,,,
,,,,,,,,,,,,,,,,,,,
,,,,,,,,,,,,,,,,,,,
,,,,,,,,,,,,,,,,,,,
,,,,,,,,,,,,,,,,,,,
,,,,,,,,,,,,,,,,,,,
,,,,,,,,,,,,,,,,,,,
,,,,,,,,,,,,,,,,,,,
,,,,,,,,,,,,,,,,,,,
,,,,,,,,,,,,,,,,,,,
,,,,,,,,,,,,,,,,,,,
,,,,,,,,,,,,,,,,,,,
,,,,,,,,,,,,,,,,,,,
,,,,,,,,,,,,,,,,,,,
,,,,,,,,,,,,,,,,,,,
,,,,,,,,,,,,,,,,,,,
,,,,,,,,,,,,,,,,,,,
,,,,,,,,,,,,,,,,,,,
,,,,,,,,,,,,,,,,,,,
,,,,,,,,,,,,,,,,,,,
,,,,,,,,,,,,,,,,,,,
,,,,,,,,,,,,,,,,,,,
,,,,,,,,,,,,,,,,,,,
,,,,,,,,,,,,,,,,,,,
,,,,,,,,,,,,,,,,,,,
,,,,,,,,,,,,,,,,,,,
,,,,,,,,,,,,,,,,,,,
,,,,,,,,,,,,,,,,,,,
,,,,,,,,,,,,,,,,,,,
,,,,,,,,,,,,,,,,,,,
,,,,,,,,,,,,,,,,,,,
,,,,,,,,,,,,,,,,,,,
,,,,,,,,,,,,,,,,,,,
,,,,,,,,,,,,,,,,,,,
,,,,,,,,,,,,,,,,,,,
,,,,,,,,,,,,,,,,,,,
,,,,,,,,,,,,,,,,,,,
,,,,,,,,,,,,,,,,,,,
,,,,,,,,,,,,,,,,,,,
,,,,,,,,,,,,,,,,,,,
,,,,,,,,,,,,,,,,,,,
,,,,,,,,,,,,,,,,,,,
,,,,,,,,,,,,,,,,,,,
,,,,,,,,,,,,,,,,,,,
,,,,,,,,,,,,,,,,,,,
,,,,,,,,,,,,,,,,,,,
,,,,,,,,,,,,,,,,,,,
,,,,,,,,,,,,,,,,,,,
,,,,,,,,,,,,,,,,,,,
,,,,,,,,,,,,,,,,,,,
,,,,,,,,,,,,,,,,,,,
,,,,,,,,,,,,,,,,,,,
,,,,,,,,,,,,,,,,,,,
,,,,,,,,,,,,,,,,,,,
,,,,,,,,,,,,,,,,,,,
,,,,,,,,,,,,,,,,,,,
,,,,,,,,,,,,,,,,,,,
,,,,,,,,,,,,,,,,,,,
,,,,,,,,,,,,,,,,,,,
,,,,,,,,,,,,,,,,,,,
,,,,,,,,,,,,,,,,,,,
,,,,,,,,,,,,,,,,,,,
,,,,,,,,,,,,,,,,,,,
,,,,,,,,,,,,,,,,,,,
,,,,,,,,,,,,,,,,,,,
,,,,,,,,,,,,,,,,,,,
,,,,,,,,,,,,,,,,,,,
,,,,,,,,,,,,,,,,,,,
,,,,,,,,,,,,,,,,,,,
,,,,,,,,,,,,,,,,,,,
,,,,,,,,,,,,,,,,,,,
,,,,,,,,,,,,,,,,,,,
,,,,,,,,,,,,,,,,,,,
,,,,,,,,,,,,,,,,,,,
,,,,,,,,,,,,,,,,,,,
,,,,,,,,,,,,,,,,,,,
,,,,,,,,,,,,,,,,,,,
,,,,,,,,,,,,,,,,,,,
,,,,,,,,,,,,,,,,,,,
,,,,,,,,,,,,,,,,,,,
,,,,,,,,,,,,,,,,,,,
,,,,,,,,,,,,,,,,,,,
,,,,,,,,,,,,,,,,,,,
,,,,,,,,,,,,,,,,,,,
,,,,,,,,,,,,,,,,,,,
,,,,,,,,,,,,,,,,,,,
,,,,,,,,,,,,,,,,,,,
,,,,,,,,,,,,,,,,,,,
,,,,,,,,,,,,,,,,,,,
,,,,,,,,,,,,,,,,,,,
,,,,,,,,,,,,,,,,,,,
,,,,,,,,,,,,,,,,,,,
,,,,,,,,,,,,,,,,,,,
,,,,,,,,,,,,,,,,,,,
,,,,,,,,,,,,,,,,,,,
,,,,,,,,,,,,,,,,,,,
,,,,,,,,,,,,,,,,,,,
,,,,,,,,,,,,,,,,,,,
,,,,,,,,,,,,,,,,,,,
,,,,,,,,,,,,,,,,,,,
,,,,,,,,,,,,,,,,,,,
,,,,,,,,,,,,,,,,,,,
,,,,,,,,,,,,,,,,,,,
,,,,,,,,,,,,,,,,,,,
,,,,,,,,,,,,,,,,,,,
,,,,,,,,,,,,,,,,,,,
,,,,,,,,,,,,,,,,,,,
,,,,,,,,,,,,,,,,,,,
,,,,,,,,,,,,,,,,,,,
,,,,,,,,,,,,,,,,,,,
,,,,,,,,,,,,,,,,,,,
,,,,,,,,,,,,,,,,,,,
,,,,,,,,,,,,,,,,,,,
,,,,,,,,,,,,,,,,,,,
,,,,,,,,,,,,,,,,,,,
,,,,,,,,,,,,,,,,,,,
,,,,,,,,,,,,,,,,,,,
